juan,"abel es gay","2023-10-19 12:54:11"
abel,"juanma es gayyyy","2023-10-19 12:54:53"
20,hola,"2023-10-19 13:07:32"
20,sDFSAD,"2023-10-19 13:07:50"
20,SDFDS,"2023-10-19 13:07:52"
20,DSF,"2023-10-19 13:07:54"
juan,Hola,"2023-10-24 12:39:15"
juan,Gay,"2023-10-24 12:39:28"
robin,hola,"2023-10-24 12:39:36"
robin,caca,"2023-10-24 12:43:15"
juan,Gay,"2023-10-24 12:43:27"
juan,Gay,"2023-10-24 12:43:31"
juan,Hola,"2023-10-24 13:12:43"
juan,dasdsad,"2023-10-24 13:43:37"
juan,kjkj,"2023-10-24 13:43:51"
luis,hola,"2023-10-24 13:52:50"
luis,Buenas,"2023-11-07 12:36:21"
